{"mean":{"confidence_interval":{"confidence_level":0.95,"lower_bound":2755051.109486841,"upper_bound":2762673.0113289473},"point_estimate":2758409.4289473696,"standard_error":1958.330352011961},"median":{"confidence_interval":{"confidence_level":0.95,"lower_bound":2752665.6842105263,"upper_bound":2754060.052631579},"point_estimate":2753370.5526315793,"standard_error":341.11426241666766},"median_abs_dev":{"confidence_interval":{"confidence_level":0.95,"lower_bound":2057.4234913680234,"upper_bound":3847.3986276156784},"point_estimate":2972.5349156484626,"standard_error":443.972228081299},"slope":null,"std_dev":{"confidence_interval":{"confidence_level":0.95,"lower_bound":7831.7883632085795,"upper_bound":28503.824648048154},"point_estimate":19758.523325259324,"standard_error":5269.212587579125}}