{"mean":{"confidence_interval":{"confidence_level":0.95,"lower_bound":27578413.46525,"upper_bound":27610438.230375003},"point_estimate":27593149.76,"standard_error":8246.010190810839},"median":{"confidence_interval":{"confidence_level":0.95,"lower_bound":27564061.0,"upper_bound":27585918.0},"point_estimate":27577557.5,"standard_error":5196.317769243701},"median_abs_dev":{"confidence_interval":{"confidence_level":0.95,"lower_bound":31748.025186359882,"upper_bound":48542.1763882041},"point_estimate":38121.351823210716,"standard_error":4320.535265171529},"slope":null,"std_dev":{"confidence_interval":{"confidence_level":0.95,"lower_bound":48393.06126872955,"upper_bound":113135.8182776723},"point_estimate":82744.94892199422,"standard_error":16723.516173814696}}